Experiment,ModelVariant,Fold,Phase,Epoch,Train_Loss,Val_Loss,Beat_Val_Acc,Beat_Val_Sens,Beat_Val_Spec,Beat_Val_F1,Beat_Val_AUC,Patient_Val_Acc,Patient_Val_Sens,Patient_Val_Spec,Patient_Val_F1,Patient_Val_AUC
A,hybrid,1,Warmup,1,0.0958,0.0886,0.5354,0.1684,0.8738,0.2581,0.6468,0.5354,0.1684,0.8738,0.2581,0.6468
A,hybrid,1,Warmup,2,0.0844,0.0911,0.601,0.3789,0.8058,0.4768,0.6447,0.601,0.3789,0.8058,0.4768,0.6447
A,hybrid,1,Warmup,3,0.0858,0.1034,0.5707,0.5474,0.5922,0.5503,0.606,0.5707,0.5474,0.5922,0.5503,0.606
A,hybrid,1,Warmup,4,0.0857,0.1043,0.5152,0.5053,0.5243,0.5,0.5674,0.5152,0.5053,0.5243,0.5,0.5674
A,hybrid,1,Warmup,5,0.0777,0.1204,0.5657,0.6842,0.4563,0.6019,0.589,0.5657,0.6842,0.4563,0.6019,0.589
A,hybrid,1,Joint,1,0.0796,0.104,0.596,0.5474,0.6408,0.5652,0.6272,0.596,0.5474,0.6408,0.5652,0.6272
A,hybrid,1,Joint,2,0.0793,0.1039,0.5859,0.5368,0.6311,0.5543,0.6364,0.5859,0.5368,0.6311,0.5543,0.6364
A,hybrid,1,Joint,3,0.077,0.1158,0.596,0.6105,0.5825,0.5918,0.6632,0.596,0.6105,0.5825,0.5918,0.6632
A,hybrid,1,Joint,4,0.0762,0.0859,0.6162,0.6,0.6311,0.6,0.6973,0.6162,0.6,0.6311,0.6,0.6973
A,hybrid,1,Joint,5,0.0773,0.0811,0.6212,0.6526,0.5922,0.6231,0.7131,0.6212,0.6526,0.5922,0.6231,0.7131
A,hybrid,1,Joint,6,0.0722,0.0841,0.6263,0.6737,0.5825,0.6337,0.7033,0.6263,0.6737,0.5825,0.6337,0.7033
A,hybrid,1,Joint,7,0.0814,0.087,0.6263,0.6632,0.5922,0.63,0.6957,0.6263,0.6632,0.5922,0.63,0.6957
A,hybrid,1,Joint,8,0.077,0.088,0.6364,0.6526,0.6214,0.6327,0.6905,0.6364,0.6526,0.6214,0.6327,0.6905
A,hybrid,1,Joint,9,0.0733,0.095,0.6616,0.6632,0.6602,0.6528,0.6872,0.6616,0.6632,0.6602,0.6528,0.6872
A,hybrid,1,Joint,10,0.0768,0.0924,0.6364,0.6737,0.6019,0.64,0.6892,0.6364,0.6737,0.6019,0.64,0.6892
A,hybrid,2,Warmup,1,0.1002,0.0959,0.5533,0.1383,0.932,0.2281,0.6926,0.5533,0.1383,0.932,0.2281,0.6926
A,hybrid,2,Warmup,2,0.0932,0.0942,0.599,0.5,0.6893,0.5434,0.649,0.599,0.5,0.6893,0.5434,0.649
A,hybrid,2,Warmup,3,0.081,0.0868,0.6396,0.5,0.767,0.5697,0.6964,0.6396,0.5,0.767,0.5697,0.6964
A,hybrid,2,Warmup,4,0.0814,0.0811,0.6853,0.5745,0.7864,0.6353,0.7262,0.6853,0.5745,0.7864,0.6353,0.7262
A,hybrid,2,Warmup,5,0.0815,0.0815,0.6244,0.5426,0.699,0.5795,0.7046,0.6244,0.5426,0.699,0.5795,0.7046
A,hybrid,2,Joint,1,0.0808,0.0807,0.6701,0.5213,0.8058,0.6012,0.733,0.6701,0.5213,0.8058,0.6012,0.733
A,hybrid,2,Joint,2,0.0772,0.0795,0.6701,0.617,0.7184,0.6409,0.7289,0.6701,0.617,0.7184,0.6409,0.7289
A,hybrid,2,Joint,3,0.0747,0.0804,0.6091,0.6277,0.5922,0.6051,0.7131,0.6091,0.6277,0.5922,0.6051,0.7131
A,hybrid,2,Joint,4,0.0788,0.0799,0.6244,0.617,0.6311,0.6105,0.7218,0.6244,0.617,0.6311,0.6105,0.7218
A,hybrid,2,Joint,5,0.0741,0.0814,0.6497,0.6489,0.6505,0.6387,0.7212,0.6497,0.6489,0.6505,0.6387,0.7212
A,hybrid,2,Joint,6,0.08,0.0815,0.6447,0.6489,0.6408,0.6354,0.7178,0.6447,0.6489,0.6408,0.6354,0.7178
A,hybrid,3,Warmup,1,0.1012,0.1093,0.5533,0.4149,0.6796,0.4699,0.5314,0.5533,0.4149,0.6796,0.4699,0.5314
A,hybrid,3,Warmup,2,0.087,0.0981,0.5787,0.5638,0.5922,0.5608,0.6019,0.5787,0.5638,0.5922,0.5608,0.6019
A,hybrid,3,Warmup,3,0.0839,0.1003,0.599,0.5745,0.6214,0.5775,0.6104,0.599,0.5745,0.6214,0.5775,0.6104
A,hybrid,3,Warmup,4,0.0733,0.0939,0.6244,0.6383,0.6117,0.6186,0.6545,0.6244,0.6383,0.6117,0.6186,0.6545
A,hybrid,3,Warmup,5,0.0718,0.0893,0.6193,0.6277,0.6117,0.6114,0.6766,0.6193,0.6277,0.6117,0.6114,0.6766
A,hybrid,3,Joint,1,0.0782,0.0914,0.6244,0.6489,0.6019,0.6224,0.6905,0.6244,0.6489,0.6019,0.6224,0.6905
A,hybrid,3,Joint,2,0.0773,0.0937,0.6548,0.5638,0.7379,0.6092,0.6824,0.6548,0.5638,0.7379,0.6092,0.6824
A,hybrid,3,Joint,3,0.0734,0.0897,0.6294,0.5426,0.7087,0.5829,0.6919,0.6294,0.5426,0.7087,0.5829,0.6919
A,hybrid,3,Joint,4,0.0771,0.0872,0.6497,0.5426,0.7476,0.5965,0.7017,0.6497,0.5426,0.7476,0.5965,0.7017
A,hybrid,3,Joint,5,0.0806,0.0899,0.6396,0.5213,0.7476,0.5799,0.7121,0.6396,0.5213,0.7476,0.5799,0.7121
A,hybrid,3,Joint,6,0.0756,0.0899,0.6599,0.5638,0.7476,0.6127,0.714,0.6599,0.5638,0.7476,0.6127,0.714
A,hybrid,3,Joint,7,0.0771,0.0899,0.6904,0.5957,0.7767,0.6474,0.7208,0.6904,0.5957,0.7767,0.6474,0.7208
A,hybrid,3,Joint,8,0.0781,0.0861,0.6701,0.5957,0.7379,0.6328,0.7335,0.6701,0.5957,0.7379,0.6328,0.7335
A,hybrid,3,Joint,9,0.0733,0.0806,0.6853,0.6064,0.7573,0.6477,0.7468,0.6853,0.6064,0.7573,0.6477,0.7468
A,hybrid,3,Joint,10,0.0794,0.0829,0.7157,0.617,0.8058,0.6744,0.7439,0.7157,0.617,0.8058,0.6744,0.7439
A,hybrid,3,Joint,11,0.0799,0.083,0.7157,0.6277,0.7961,0.6782,0.7481,0.7157,0.6277,0.7961,0.6782,0.7481
A,hybrid,3,Joint,12,0.0751,0.0845,0.7056,0.617,0.7864,0.6667,0.7484,0.7056,0.617,0.7864,0.6667,0.7484
A,hybrid,3,Joint,13,0.071,0.0866,0.7005,0.6383,0.7573,0.6704,0.7395,0.7005,0.6383,0.7573,0.6704,0.7395
A,hybrid,3,Joint,14,0.0765,0.0857,0.6954,0.6277,0.7573,0.6629,0.7493,0.6954,0.6277,0.7573,0.6629,0.7493
A,hybrid,3,Joint,15,0.0753,0.0835,0.6701,0.6596,0.6796,0.6561,0.7578,0.6701,0.6596,0.6796,0.6561,0.7578
A,hybrid,3,Joint,16,0.0746,0.0842,0.6954,0.6702,0.7184,0.6774,0.7661,0.6954,0.6702,0.7184,0.6774,0.7661
A,hybrid,3,Joint,17,0.0769,0.0823,0.6954,0.6702,0.7184,0.6774,0.7664,0.6954,0.6702,0.7184,0.6774,0.7664
A,hybrid,3,Joint,18,0.075,0.0822,0.7107,0.6489,0.767,0.6816,0.7622,0.7107,0.6489,0.767,0.6816,0.7622
A,hybrid,3,Joint,19,0.075,0.0799,0.7056,0.6489,0.7573,0.6778,0.7688,0.7056,0.6489,0.7573,0.6778,0.7688
A,hybrid,3,Joint,20,0.0723,0.0793,0.7005,0.6702,0.7282,0.6811,0.762,0.7005,0.6702,0.7282,0.6811,0.762
A,hybrid,3,Joint,21,0.0747,0.0793,0.7056,0.6277,0.7767,0.6705,0.7607,0.7056,0.6277,0.7767,0.6705,0.7607
A,hybrid,3,Joint,22,0.0729,0.08,0.6701,0.617,0.7184,0.6409,0.7507,0.6701,0.617,0.7184,0.6409,0.7507
A,hybrid,3,Joint,23,0.0676,0.0791,0.6802,0.6489,0.7087,0.6595,0.7556,0.6802,0.6489,0.7087,0.6595,0.7556
A,hybrid,3,Joint,24,0.0711,0.0805,0.6751,0.6277,0.7184,0.6484,0.7497,0.6751,0.6277,0.7184,0.6484,0.7497
A,hybrid,4,Warmup,1,0.0982,0.0879,0.6041,0.6383,0.5728,0.6061,0.656,0.6041,0.6383,0.5728,0.6061,0.656
A,hybrid,4,Warmup,2,0.0855,0.0847,0.5838,0.617,0.5534,0.5859,0.6726,0.5838,0.617,0.5534,0.5859,0.6726
A,hybrid,4,Warmup,3,0.0825,0.0838,0.6142,0.6064,0.6214,0.6,0.6923,0.6142,0.6064,0.6214,0.6,0.6923
A,hybrid,4,Warmup,4,0.0795,0.0819,0.6041,0.7128,0.5049,0.6321,0.7036,0.6041,0.7128,0.5049,0.6321,0.7036
A,hybrid,4,Warmup,5,0.0806,0.0812,0.6294,0.7021,0.5631,0.6439,0.7009,0.6294,0.7021,0.5631,0.6439,0.7009
A,hybrid,4,Joint,1,0.0822,0.0798,0.6345,0.5,0.7573,0.5663,0.7119,0.6345,0.5,0.7573,0.5663,0.7119
A,hybrid,4,Joint,2,0.084,0.0809,0.6447,0.4787,0.7961,0.5625,0.6998,0.6447,0.4787,0.7961,0.5625,0.6998
A,hybrid,4,Joint,3,0.081,0.0787,0.6497,0.617,0.6796,0.627,0.7213,0.6497,0.617,0.6796,0.627,0.7213
A,hybrid,4,Joint,4,0.0785,0.0779,0.6447,0.6702,0.6214,0.6429,0.7351,0.6447,0.6702,0.6214,0.6429,0.7351
A,hybrid,4,Joint,5,0.0787,0.0768,0.6599,0.6702,0.6505,0.6528,0.7404,0.6599,0.6702,0.6505,0.6528,0.7404
A,hybrid,4,Joint,6,0.0702,0.0746,0.6447,0.6383,0.6505,0.6316,0.7595,0.6447,0.6383,0.6505,0.6316,0.7595
A,hybrid,4,Joint,7,0.0796,0.0748,0.6396,0.6277,0.6505,0.6243,0.7556,0.6396,0.6277,0.6505,0.6243,0.7556
A,hybrid,4,Joint,8,0.0783,0.0756,0.6447,0.6489,0.6408,0.6354,0.7431,0.6447,0.6489,0.6408,0.6354,0.7431
A,hybrid,4,Joint,9,0.0829,0.0745,0.6599,0.617,0.699,0.6339,0.7546,0.6599,0.617,0.699,0.6339,0.7546
A,hybrid,4,Joint,10,0.0689,0.0744,0.6751,0.6702,0.6796,0.6632,0.7596,0.6751,0.6702,0.6796,0.6632,0.7596
A,hybrid,4,Joint,11,0.0721,0.0747,0.6497,0.6596,0.6408,0.6425,0.7521,0.6497,0.6596,0.6408,0.6425,0.7521
A,hybrid,4,Joint,12,0.0699,0.076,0.6396,0.6383,0.6408,0.6283,0.7396,0.6396,0.6383,0.6408,0.6283,0.7396
A,hybrid,4,Joint,13,0.0731,0.0764,0.6142,0.6064,0.6214,0.6,0.7323,0.6142,0.6064,0.6214,0.6,0.7323
A,hybrid,4,Joint,14,0.0778,0.0758,0.6193,0.6277,0.6117,0.6114,0.7299,0.6193,0.6277,0.6117,0.6114,0.7299
A,hybrid,4,Joint,15,0.0729,0.0748,0.6548,0.6809,0.6311,0.6531,0.7428,0.6548,0.6809,0.6311,0.6531,0.7428
A,hybrid,5,Warmup,1,0.1019,0.0954,0.6091,0.4149,0.7864,0.5032,0.6519,0.6091,0.4149,0.7864,0.5032,0.6519
A,hybrid,5,Warmup,2,0.0914,0.0939,0.599,0.7021,0.5049,0.6256,0.661,0.599,0.7021,0.5049,0.6256,0.661
A,hybrid,5,Warmup,3,0.0831,0.089,0.5685,0.7447,0.4078,0.6222,0.6266,0.5685,0.7447,0.4078,0.6222,0.6266
A,hybrid,5,Warmup,4,0.0838,0.0857,0.6244,0.7234,0.534,0.6476,0.6604,0.6244,0.7234,0.534,0.6476,0.6604
A,hybrid,5,Warmup,5,0.0817,0.0813,0.6599,0.7234,0.6019,0.67,0.7351,0.6599,0.7234,0.6019,0.67,0.7351
A,hybrid,5,Joint,1,0.079,0.0802,0.6193,0.7021,0.5437,0.6377,0.7403,0.6193,0.7021,0.5437,0.6377,0.7403
A,hybrid,5,Joint,2,0.0798,0.0802,0.6396,0.7553,0.534,0.6667,0.727,0.6396,0.7553,0.534,0.6667,0.727
A,hybrid,5,Joint,3,0.0767,0.0786,0.6396,0.7128,0.5728,0.6537,0.7371,0.6396,0.7128,0.5728,0.6537,0.7371
A,hybrid,5,Joint,4,0.0763,0.0775,0.6396,0.7128,0.5728,0.6537,0.7462,0.6396,0.7128,0.5728,0.6537,0.7462
A,hybrid,5,Joint,5,0.0781,0.0774,0.6396,0.6915,0.5922,0.6468,0.7464,0.6396,0.6915,0.5922,0.6468,0.7464
A,hybrid,5,Joint,6,0.0763,0.0783,0.6396,0.6915,0.5922,0.6468,0.7341,0.6396,0.6915,0.5922,0.6468,0.7341
A,hybrid,5,Joint,7,0.0742,0.0802,0.6345,0.6915,0.5825,0.6436,0.708,0.6345,0.6915,0.5825,0.6436,0.708
A,hybrid,5,Joint,8,0.0714,0.0798,0.6193,0.6383,0.6019,0.6154,0.7029,0.6193,0.6383,0.6019,0.6154,0.7029
A,hybrid,5,Joint,9,0.0692,0.0779,0.6599,0.6383,0.6796,0.6417,0.7247,0.6599,0.6383,0.6796,0.6417,0.7247
A,hybrid,5,Joint,10,0.076,0.0781,0.6904,0.6702,0.7087,0.6738,0.7363,0.6904,0.6702,0.7087,0.6738,0.7363
