fpr,tpr,threshold
0.0,0.0,inf
0.001941747572815534,0.0,0.7826056480407715
0.001941747572815534,0.004246284501061571,0.6980218887329102
0.003883495145631068,0.004246284501061571,0.6961904168128967
0.003883495145631068,0.050955414012738856,0.6331091523170471
0.005825242718446602,0.050955414012738856,0.6311534643173218
0.005825242718446602,0.05732484076433121,0.6278528571128845
0.009708737864077669,0.05732484076433121,0.6248201131820679
0.009708737864077669,0.07430997876857749,0.6176560521125793
0.011650485436893204,0.07430997876857749,0.6172340512275696
0.011650485436893204,0.11252653927813164,0.6059048175811768
0.013592233009708738,0.11252653927813164,0.6054637432098389
0.013592233009708738,0.11889596602972399,0.6043025255203247
0.015533980582524271,0.11889596602972399,0.6042481064796448
0.015533980582524271,0.12101910828025478,0.6036667823791504
0.017475728155339806,0.12101910828025478,0.601553738117218
0.017475728155339806,0.13588110403397027,0.5984780192375183
0.019417475728155338,0.13588110403397027,0.5984459519386292
0.019417475728155338,0.14861995753715498,0.59333336353302
0.021359223300970873,0.14861995753715498,0.5929808616638184
0.021359223300970873,0.1762208067940552,0.5863469839096069
0.02330097087378641,0.1762208067940552,0.585615873336792
0.02330097087378641,0.18046709129511676,0.584244430065155
0.027184466019417475,0.18046709129511676,0.5840638279914856
0.027184466019417475,0.18895966029723993,0.5831838846206665
0.02912621359223301,0.18895966029723993,0.5828863382339478
0.02912621359223301,0.1910828025477707,0.5818149447441101
0.031067961165048542,0.1910828025477707,0.5816195607185364
0.031067961165048542,0.19532908704883228,0.5803324580192566
0.03300970873786408,0.19532908704883228,0.5798901915550232
0.03300970873786408,0.19745222929936307,0.5795952677726746
0.036893203883495145,0.19745222929936307,0.5794631242752075
0.036893203883495145,0.208067940552017,0.5778093934059143
0.040776699029126215,0.208067940552017,0.576399564743042
0.040776699029126215,0.21231422505307856,0.5761020183563232
0.04271844660194175,0.21231422505307856,0.5755585432052612
0.04271844660194175,0.23779193205944799,0.5716122388839722
0.04466019417475728,0.23779193205944799,0.5713359117507935
0.04466019417475728,0.24628450106157113,0.5696240067481995
0.04660194174757282,0.24628450106157113,0.5695780515670776
0.04660194174757282,0.2505307855626327,0.5690056681632996
0.04854368932038835,0.2505307855626327,0.5685952305793762
0.04854368932038835,0.25477707006369427,0.5680782794952393
0.05048543689320388,0.25477707006369427,0.5679025650024414
0.05048543689320388,0.267515923566879,0.5648480653762817
0.05631067961165048,0.267515923566879,0.5635230541229248
0.05631067961165048,0.27176220806794055,0.5624963641166687
0.06407766990291262,0.27176220806794055,0.5613307952880859
0.06407766990291262,0.2951167728237792,0.5592399835586548
0.06601941747572816,0.2951167728237792,0.5592000484466553
0.06601941747572816,0.29723991507430997,0.5586519241333008
0.06990291262135923,0.29723991507430997,0.5579184293746948
0.06990291262135923,0.3036093418259023,0.5574588775634766
0.07184466019417475,0.3036093418259023,0.5573604106903076
0.07184466019417475,0.3078556263269639,0.557278573513031
0.07378640776699029,0.3078556263269639,0.557209849357605
0.07378640776699029,0.31634819532908703,0.5560051202774048
0.07572815533980583,0.31634819532908703,0.5555097460746765
0.07572815533980583,0.3184713375796178,0.5554020404815674
0.07961165048543689,0.3184713375796178,0.5546975135803223
0.07961165048543689,0.3227176220806794,0.5541781783103943
0.08155339805825243,0.3227176220806794,0.5538766384124756
0.08155339805825243,0.32908704883227174,0.5530291795730591
0.08349514563106795,0.32908704883227174,0.5521031022071838
0.08349514563106795,0.3333333333333333,0.5517204403877258
0.0854368932038835,0.3333333333333333,0.5512605309486389
0.0854368932038835,0.3354564755838641,0.5510830879211426
0.08737864077669903,0.3354564755838641,0.5508087873458862
0.08737864077669903,0.3375796178343949,0.5506584048271179
0.08932038834951456,0.3375796178343949,0.550534188747406
0.08932038834951456,0.34394904458598724,0.549848198890686
0.0912621359223301,0.34394904458598724,0.5494541525840759
0.0912621359223301,0.3481953290870488,0.548966109752655
0.0970873786407767,0.3481953290870488,0.5485591292381287
0.0970873786407767,0.35668789808917195,0.5476899147033691
0.09902912621359224,0.35668789808917195,0.5473501086235046
0.09902912621359224,0.35881104033970274,0.5473219156265259
0.10485436893203884,0.35881104033970274,0.5464479923248291
0.10485436893203884,0.3630573248407643,0.5459536910057068
0.10679611650485436,0.3630573248407643,0.5452395677566528
0.10679611650485436,0.3651804670912951,0.5452390909194946
0.11067961165048544,0.3651804670912951,0.5449670553207397
0.11067961165048544,0.38004246284501064,0.5437720417976379
0.11262135922330097,0.38004246284501064,0.5434912443161011
0.11262135922330097,0.386411889596603,0.5426302552223206
0.1145631067961165,0.386411889596603,0.5422058701515198
0.1145631067961165,0.3885350318471338,0.5418587923049927
0.11650485436893204,0.3885350318471338,0.5416180491447449
0.11650485436893204,0.39490445859872614,0.5409168601036072
0.11844660194174757,0.39490445859872614,0.5408384799957275
0.11844660194174757,0.3991507430997877,0.5407780408859253
0.1203883495145631,0.3991507430997877,0.5404297113418579
0.1203883495145631,0.4033970276008493,0.5401572585105896
0.12427184466019417,0.4033970276008493,0.5399361848831177
0.12427184466019417,0.4118895966029724,0.5392542481422424
0.1262135922330097,0.4118895966029724,0.5392082333564758
0.1262135922330097,0.4182590233545648,0.5382137894630432
0.12815533980582525,0.4182590233545648,0.5380737781524658
0.12815533980582525,0.42250530785562634,0.5373504161834717
0.13203883495145632,0.42250530785562634,0.5368290543556213
0.13203883495145632,0.42462845010615713,0.5365809798240662
0.13398058252427184,0.42462845010615713,0.536571741104126
0.13398058252427184,0.4267515923566879,0.5363370180130005
0.13980582524271845,0.4267515923566879,0.5346072316169739
0.13980582524271845,0.43524416135881105,0.5340938568115234
0.1436893203883495,0.43524416135881105,0.5334923267364502
0.1436893203883495,0.43736730360934184,0.5329936742782593
0.14951456310679612,0.43736730360934184,0.5326036214828491
0.14951456310679612,0.4394904458598726,0.5321339964866638
0.1553398058252427,0.4394904458598726,0.5311768054962158
0.1553398058252427,0.4416135881104034,0.5306368470191956
0.15922330097087378,0.4416135881104034,0.5300126075744629
0.15922330097087378,0.445859872611465,0.5298166871070862
0.16116504854368932,0.445859872611465,0.5291476249694824
0.16116504854368932,0.45010615711252655,0.5290200114250183
0.16310679611650486,0.45010615711252655,0.5287663340568542
0.16310679611650486,0.4543524416135881,0.5282102227210999
0.1650485436893204,0.4543524416135881,0.5281682014465332
0.1650485436893204,0.4692144373673036,0.5265066027641296
0.1669902912621359,0.4692144373673036,0.52641361951828
0.1669902912621359,0.4734607218683652,0.5261505842208862
0.17475728155339806,0.4734607218683652,0.525604784488678
0.17475728155339806,0.47983014861995754,0.5255423188209534
0.1825242718446602,0.47983014861995754,0.5236184000968933
0.1825242718446602,0.5010615711252654,0.5211185812950134
0.18446601941747573,0.5010615711252654,0.5209860801696777
0.18446601941747573,0.5031847133757962,0.5209549069404602
0.1883495145631068,0.5031847133757962,0.5207738280296326
0.1883495145631068,0.5074309978768577,0.520714282989502
0.19223300970873786,0.5074309978768577,0.5200983285903931
0.19223300970873786,0.5095541401273885,0.5200642943382263
0.19611650485436893,0.5095541401273885,0.5191710591316223
0.19611650485436893,0.5116772823779193,0.5189855694770813
0.19805825242718447,0.5116772823779193,0.5189590454101562
0.19805825242718447,0.5138004246284501,0.5189126133918762
0.20194174757281552,0.5138004246284501,0.5185660719871521
0.20194174757281552,0.5159235668789809,0.5182800889015198
0.20776699029126214,0.5159235668789809,0.5176593661308289
0.20776699029126214,0.5222929936305732,0.5170650482177734
0.21359223300970873,0.5222929936305732,0.5166414976119995
0.21359223300970873,0.5307855626326964,0.5156144499778748
0.22135922330097088,0.5307855626326964,0.5146517157554626
0.22135922330097088,0.5371549893842887,0.5141593813896179
0.22718446601941747,0.5371549893842887,0.5127459168434143
0.22718446601941747,0.5392781316348195,0.5126623511314392
0.23106796116504855,0.5392781316348195,0.5124605298042297
0.23106796116504855,0.5435244161358811,0.5123347043991089
0.23495145631067962,0.5435244161358811,0.511968195438385
0.23495145631067962,0.5456475583864119,0.5117707848548889
0.23883495145631067,0.5456475583864119,0.5116029381752014
0.23883495145631067,0.5583864118895966,0.5106216073036194
0.2407766990291262,0.5583864118895966,0.5105913281440735
0.2407766990291262,0.564755838641189,0.5103160738945007
0.2446601941747573,0.564755838641189,0.5099875926971436
0.2446601941747573,0.5732484076433121,0.509671151638031
0.24854368932038834,0.5732484076433121,0.50934237241745
0.24854368932038834,0.5774946921443737,0.5089103579521179
0.2504854368932039,0.5774946921443737,0.5088712573051453
0.2504854368932039,0.5796178343949044,0.5087945461273193
0.2524271844660194,0.5796178343949044,0.5086808800697327
0.2524271844660194,0.5817409766454352,0.508658230304718
0.2543689320388349,0.5817409766454352,0.508424699306488
0.2543689320388349,0.583864118895966,0.5080075860023499
0.258252427184466,0.583864118895966,0.5076530575752258
0.258252427184466,0.5902335456475584,0.5073457956314087
0.2621359223300971,0.5902335456475584,0.5071460604667664
0.2621359223300971,0.5944798301486199,0.5069326162338257
0.26601941747572816,0.5944798301486199,0.5065805912017822
0.26601941747572816,0.6008492569002123,0.5061164498329163
0.26796116504854367,0.6008492569002123,0.5060190558433533
0.26796116504854367,0.6029723991507431,0.5059770345687866
0.2737864077669903,0.6029723991507431,0.5058396458625793
0.2737864077669903,0.6050955414012739,0.5057633519172668
0.2757281553398058,0.6050955414012739,0.5057147741317749
0.2757281553398058,0.6093418259023354,0.5051811933517456
0.27766990291262134,0.6093418259023354,0.5047925710678101
0.27766990291262134,0.6114649681528662,0.5047199726104736
0.283495145631068,0.6114649681528662,0.5043696165084839
0.283495145631068,0.613588110403397,0.5040605068206787
0.2854368932038835,0.613588110403397,0.503929078578949
0.2854368932038835,0.6199575371549894,0.5036680698394775
0.2912621359223301,0.6199575371549894,0.5030927658081055
0.2912621359223301,0.6242038216560509,0.5028048753738403
0.29320388349514565,0.6242038216560509,0.5027408003807068
0.29320388349514565,0.6263269639065817,0.5026989579200745
0.29514563106796116,0.6263269639065817,0.502569317817688
0.29514563106796116,0.6284501061571125,0.5025667548179626
0.2970873786407767,0.6284501061571125,0.5025650262832642
0.2970873786407767,0.6305732484076433,0.5024258494377136
0.3048543689320388,0.6305732484076433,0.5010507702827454
0.3048543689320388,0.6326963906581741,0.5009642243385315
0.3106796116504854,0.6326963906581741,0.5003626942634583
0.3106796116504854,0.6348195329087049,0.5002399682998657
0.312621359223301,0.6348195329087049,0.5001250505447388
0.312621359223301,0.6369426751592356,0.5001066327095032
0.3145631067961165,0.6369426751592356,0.5001019239425659
0.3145631067961165,0.6390658174097664,0.4998889863491058
0.32038834951456313,0.6390658174097664,0.4984649121761322
0.32038834951456313,0.643312101910828,0.4978330731391907
0.32427184466019415,0.643312101910828,0.4974972605705261
0.32427184466019415,0.6454352441613588,0.4973424673080444
0.3262135922330097,0.6454352441613588,0.4972607493400574
0.3262135922330097,0.6475583864118896,0.4970269501209259
0.3339805825242718,0.6475583864118896,0.4964479506015777
0.3339805825242718,0.6518046709129511,0.4962721467018127
0.3359223300970874,0.6518046709129511,0.4962213933467865
0.3359223300970874,0.6602972399150743,0.4949412047863006
0.33980582524271846,0.6602972399150743,0.4944975078105926
0.33980582524271846,0.6645435244161358,0.4942575395107269
0.341747572815534,0.6645435244161358,0.4942120909690857
0.341747572815534,0.6666666666666666,0.4940511882305145
0.34368932038834954,0.6666666666666666,0.4937600493431091
0.34368932038834954,0.6709129511677282,0.4933429360389709
0.34563106796116505,0.6709129511677282,0.4931343495845794
0.34563106796116505,0.6794055201698513,0.491717666387558
0.34757281553398056,0.6794055201698513,0.4915821850299835
0.34757281553398056,0.6815286624203821,0.491007387638092
0.34951456310679613,0.6815286624203821,0.4907480180263519
0.34951456310679613,0.6836518046709129,0.4906292855739593
0.35145631067961164,0.6836518046709129,0.4904266595840454
0.35145631067961164,0.6857749469214437,0.4903927743434906
0.3533980582524272,0.6857749469214437,0.490201473236084
0.3533980582524272,0.6900212314225053,0.4900522232055664
0.3592233009708738,0.6900212314225053,0.4890057444572449
0.3592233009708738,0.6963906581740976,0.4884372055530548
0.3611650485436893,0.6963906581740976,0.4882983267307281
0.3611650485436893,0.6985138004246284,0.4879895150661468
0.36310679611650487,0.6985138004246284,0.4878358244895935
0.36310679611650487,0.70276008492569,0.4873692989349365
0.3650485436893204,0.70276008492569,0.4865509271621704
0.3650485436893204,0.7048832271762208,0.4863085150718689
0.36699029126213595,0.7048832271762208,0.4862944781780243
0.36699029126213595,0.7070063694267515,0.4862556457519531
0.36893203883495146,0.7070063694267515,0.4855242967605591
0.36893203883495146,0.7112526539278131,0.48532634973526
0.37281553398058254,0.7112526539278131,0.4848031997680664
0.37281553398058254,0.7154989384288747,0.4844868183135986
0.3786407766990291,0.7154989384288747,0.4840884506702423
0.3786407766990291,0.7239915074309978,0.4829174280166626
0.3941747572815534,0.7239915074309978,0.4808685779571533
0.3941747572815534,0.7261146496815286,0.4805340468883514
0.39805825242718446,0.7261146496815286,0.4803918898105621
0.39805825242718446,0.7303609341825902,0.4800962209701538
0.4058252427184466,0.7303609341825902,0.4793941676616668
0.4058252427184466,0.7346072186836518,0.4792127609252929
0.4077669902912621,0.7346072186836518,0.4791536331176758
0.4077669902912621,0.7388535031847133,0.4784719347953796
0.4097087378640777,0.7388535031847133,0.4780736267566681
0.4097087378640777,0.7409766454352441,0.4777964949607849
0.4116504854368932,0.7409766454352441,0.4776107966899872
0.4116504854368932,0.7452229299363057,0.4767670333385467
0.41359223300970877,0.7452229299363057,0.4765462875366211
0.41359223300970877,0.7473460721868365,0.4765171408653259
0.42524271844660194,0.7473460721868365,0.4747430980205536
0.42524271844660194,0.7494692144373672,0.4745441377162933
0.42718446601941745,0.7494692144373672,0.4745437204837799
0.42718446601941745,0.7515923566878981,0.4743310809135437
0.4330097087378641,0.7515923566878981,0.4734174013137817
0.4330097087378641,0.7622080679405521,0.4727914929389953
0.4388349514563107,0.7622080679405521,0.4716018140316009
0.4388349514563107,0.7643312101910829,0.4709247052669525
0.4446601941747573,0.7643312101910829,0.4699766635894775
0.4446601941747573,0.7707006369426752,0.4695854187011719
0.45048543689320386,0.7707006369426752,0.4689769148826599
0.45048543689320386,0.772823779193206,0.4688669741153717
0.4524271844660194,0.772823779193206,0.4682771265506744
0.4524271844660194,0.7770700636942676,0.4676379859447479
0.4563106796116505,0.7770700636942676,0.4672814607620239
0.4563106796116505,0.7791932059447984,0.4669938087463379
0.4621359223300971,0.7791932059447984,0.4662967622280121
0.4621359223300971,0.7834394904458599,0.4658985733985901
0.46990291262135925,0.7834394904458599,0.465542584657669
0.46990291262135925,0.7855626326963907,0.4650621116161346
0.47572815533980584,0.7855626326963907,0.4642257690429687
0.47572815533980584,0.7876857749469215,0.4641522169113159
0.47766990291262135,0.7876857749469215,0.4640330076217651
0.47766990291262135,0.7919320594479831,0.4638203382492065
0.48349514563106794,0.7919320594479831,0.4628234207630157
0.48349514563106794,0.7961783439490446,0.4626822471618652
0.4854368932038835,0.7961783439490446,0.462648332118988
0.4854368932038835,0.802547770700637,0.4622536599636078
0.4912621359223301,0.802547770700637,0.4606682360172272
0.4912621359223301,0.8089171974522293,0.4602448046207428
0.49514563106796117,0.8089171974522293,0.4600875079631805
0.49514563106796117,0.821656050955414,0.4584949910640716
0.4970873786407767,0.821656050955414,0.458162248134613
0.4970873786407767,0.8237791932059448,0.4580363631248474
0.49902912621359224,0.8237791932059448,0.4577823877334595
0.49902912621359224,0.8259023354564756,0.4577767550945282
0.5029126213592233,0.8259023354564756,0.457293689250946
0.5029126213592233,0.8301486199575372,0.4567552506923675
0.5067961165048543,0.8301486199575372,0.4562828242778778
0.5067961165048543,0.832271762208068,0.456041157245636
0.5106796116504855,0.832271762208068,0.4559093415737152
0.5106796116504855,0.8343949044585988,0.4558596014976501
0.5184466019417475,0.8343949044585988,0.4553428292274475
0.5184466019417475,0.8365180467091295,0.4553244411945343
0.5242718446601942,0.8365180467091295,0.454821914434433
0.5242718446601942,0.8386411889596603,0.4541962146759033
0.5281553398058253,0.8386411889596603,0.4541319906711578
0.5281553398058253,0.8428874734607219,0.4538742899894714
0.5320388349514563,0.8428874734607219,0.4523220956325531
0.5320388349514563,0.8450106157112527,0.4511117935180664
0.5339805825242718,0.8450106157112527,0.4507692158222198
0.5339805825242718,0.8471337579617835,0.4506573379039764
0.5359223300970873,0.8471337579617835,0.4506392478942871
0.5359223300970873,0.8492569002123143,0.4503293931484222
0.5398058252427185,0.8492569002123143,0.4495345652103424
0.5398058252427185,0.8535031847133758,0.4491621553897857
0.545631067961165,0.8535031847133758,0.4485616981983185
0.545631067961165,0.8556263269639066,0.448341965675354
0.5475728155339806,0.8556263269639066,0.4483028054237366
0.5475728155339806,0.8577494692144374,0.4481610655784607
0.5533980582524272,0.8577494692144374,0.4457117915153503
0.5533980582524272,0.8598726114649682,0.4454627931118011
0.5553398058252427,0.861995753715499,0.4451846778392792
0.574757281553398,0.861995753715499,0.442442923784256
0.574757281553398,0.8641188959660298,0.442144900560379
0.5786407766990291,0.8641188959660298,0.4417142570018768
0.5786407766990291,0.8662420382165605,0.4415346980094909
0.5805825242718446,0.8662420382165605,0.4412077963352203
0.5805825242718446,0.8704883227176221,0.4403427243232727
0.5883495145631068,0.8704883227176221,0.4394944608211517
0.5883495145631068,0.8726114649681529,0.4389164447784424
0.5980582524271845,0.8726114649681529,0.4360293447971344
0.5980582524271845,0.8747346072186837,0.4358875155448913
0.6,0.8747346072186837,0.43541419506073
0.6,0.8768577494692145,0.4352148473262787
0.6058252427184466,0.8768577494692145,0.4341778457164764
0.6058252427184466,0.8832271762208068,0.4318655431270599
0.6097087378640776,0.8832271762208068,0.4310048520565033
0.6097087378640776,0.8853503184713376,0.4307650327682495
0.6135922330097088,0.8853503184713376,0.4306525290012359
0.6135922330097088,0.8874734607218684,0.4305225014686584
0.6174757281553398,0.8874734607218684,0.4301194846630096
0.6174757281553398,0.89171974522293,0.4285577237606048
0.6194174757281553,0.89171974522293,0.4278225600719452
0.6194174757281553,0.8959660297239915,0.4270548224449157
0.6213592233009708,0.8959660297239915,0.4262069165706634
0.6213592233009708,0.9087048832271762,0.4236754477024078
0.6233009708737864,0.9087048832271762,0.4235328137874603
0.6233009708737864,0.9129511677282378,0.4228796064853668
0.6271844660194175,0.9129511677282378,0.4217863380908966
0.6271844660194175,0.9150743099787686,0.4214504957199096
0.6407766990291263,0.9150743099787686,0.4164077937602997
0.6407766990291263,0.9171974522292994,0.4147272408008575
0.6446601941747573,0.9171974522292994,0.4139912128448486
0.6446601941747573,0.9193205944798302,0.4139346778392792
0.6504854368932039,0.9193205944798302,0.4129593968391418
0.6504854368932039,0.9235668789808917,0.4128459095954895
0.6601941747572816,0.9235668789808917,0.4102442860603332
0.6601941747572816,0.9256900212314225,0.4099422991275787
0.6621359223300971,0.9256900212314225,0.4098242819309234
0.6621359223300971,0.9278131634819533,0.4093972146511078
0.6640776699029126,0.9278131634819533,0.4092444777488708
0.6640776699029126,0.9299363057324841,0.4084011614322662
0.6679611650485436,0.9299363057324841,0.4074548482894897
0.6679611650485436,0.9320594479830149,0.4071052074432373
0.6699029126213593,0.9320594479830149,0.4068531990051269
0.6699029126213593,0.9341825902335457,0.4066546559333801
0.6854368932038835,0.9341825902335457,0.4046399891376495
0.6854368932038835,0.9363057324840764,0.4040574729442596
0.7029126213592233,0.9363057324840764,0.3992771208286285
0.7029126213592233,0.9384288747346072,0.3989125192165375
0.7087378640776699,0.9384288747346072,0.3972732722759247
0.7087378640776699,0.9447983014861996,0.3962074816226959
0.7145631067961165,0.9447983014861996,0.3952981531620025
0.7145631067961165,0.9490445859872612,0.3941138684749603
0.7262135922330097,0.9490445859872612,0.3920580148696899
0.7262135922330097,0.9554140127388535,0.3906462490558624
0.7378640776699029,0.9554140127388535,0.3874211311340332
0.7378640776699029,0.9575371549893843,0.3870148956775665
0.7398058252427184,0.9575371549893843,0.3869114816188812
0.7398058252427184,0.9596602972399151,0.3868377208709717
0.7456310679611651,0.9596602972399151,0.3859593272209167
0.7456310679611651,0.9617834394904459,0.3851074278354645
0.7475728155339806,0.9617834394904459,0.3848423361778259
0.7475728155339806,0.9639065817409767,0.3845232129096985
0.7514563106796116,0.9639065817409767,0.3830097615718841
0.7514563106796116,0.9660297239915074,0.3825612962245941
0.7533980582524272,0.9660297239915074,0.3817020654678345
0.7533980582524272,0.9681528662420382,0.3803353607654571
0.7572815533980582,0.9681528662420382,0.3797074854373932
0.7572815533980582,0.970276008492569,0.3796091973781585
0.7592233009708738,0.970276008492569,0.3789982497692108
0.7592233009708738,0.9723991507430998,0.3781203031539917
0.7650485436893204,0.9723991507430998,0.3775590062141418
0.7650485436893204,0.9745222929936306,0.3767946660518646
0.7728155339805826,0.9745222929936306,0.3750481605529785
0.7728155339805826,0.9787685774946921,0.3748399615287781
0.7883495145631068,0.9787685774946921,0.3699876666069031
0.7883495145631068,0.9808917197452229,0.3696849346160888
0.7902912621359224,0.9808917197452229,0.3696185946464538
0.7902912621359224,0.9830148619957537,0.3695763647556305
0.8058252427184466,0.9830148619957537,0.3641000092029571
0.8058252427184466,0.9851380042462845,0.3638637363910675
0.8233009708737864,0.9851380042462845,0.356978565454483
0.8233009708737864,0.9872611464968153,0.356819748878479
0.8504854368932039,0.9872611464968153,0.3420845866203308
0.8504854368932039,0.9893842887473461,0.3408918976783752
0.8601941747572815,0.9893842887473461,0.3363051414489746
0.8601941747572815,0.9915074309978769,0.3362956643104553
0.8737864077669902,0.9915074309978769,0.3230958580970764
0.8737864077669902,0.9936305732484076,0.3219377100467682
0.883495145631068,0.9936305732484076,0.3197682201862335
0.883495145631068,0.9957537154989384,0.3190633952617645
0.8990291262135922,0.9957537154989384,0.3037695288658142
0.8990291262135922,0.9978768577494692,0.3029317557811737
0.974757281553398,0.9978768577494692,0.2058676779270172
0.974757281553398,1.0,0.2034447938203811
1.0,1.0,0.0065908515825867
