Fold,Phase,Epoch,Train_Loss,Val_Loss,Val_Acc,Val_Sens,Val_Spec,Val_F1,Val_AUC
1,Warmup,1,0.713,0.6974,0.5657,0.3542,0.7647,0.4416,0.6202
1,Warmup,2,0.6763,0.6876,0.601,0.5208,0.6765,0.5587,0.646
1,Warmup,3,0.6691,0.6821,0.6162,0.5625,0.6667,0.587,0.6337
1,Warmup,4,0.6458,0.6807,0.5859,0.5521,0.6176,0.5638,0.6263
1,Warmup,5,0.6421,0.6802,0.5556,0.5521,0.5588,0.5464,0.6125
1,Joint,1,0.6318,0.6843,0.5758,0.5833,0.5686,0.5714,0.6077
1,Joint,2,0.6173,0.6821,0.5606,0.5729,0.549,0.5584,0.6098
1,Joint,3,0.6113,0.6828,0.5657,0.5729,0.5588,0.5612,0.6045
1,Joint,4,0.5965,0.679,0.5707,0.5938,0.549,0.5729,0.6081
1,Joint,5,0.6018,0.6791,0.5758,0.5938,0.5588,0.5758,0.6052
1,Joint,6,0.5925,0.686,0.5657,0.5938,0.5392,0.57,0.6023
1,Joint,7,0.5956,0.6854,0.5606,0.5833,0.5392,0.5628,0.5974
1,Joint,8,0.5699,0.6871,0.5707,0.5729,0.5686,0.5641,0.6013
1,Joint,9,0.5676,0.6888,0.5707,0.5729,0.5686,0.5641,0.6033
1,Joint,10,0.5518,0.6882,0.5808,0.5625,0.598,0.5654,0.6062
1,Joint,11,0.5553,0.6823,0.601,0.5833,0.6176,0.5864,0.6072
1,Joint,12,0.5371,0.6848,0.5758,0.5729,0.5784,0.567,0.601
1,Joint,13,0.5332,0.6838,0.5657,0.5729,0.5588,0.5612,0.6017
1,Joint,14,0.521,0.6861,0.596,0.5938,0.598,0.5876,0.6026
1,Joint,15,0.5336,0.6845,0.6111,0.5833,0.6373,0.5926,0.6033
1,Joint,16,0.5191,0.6861,0.5859,0.5833,0.5882,0.5773,0.6096
1,Joint,17,0.502,0.687,0.6061,0.5938,0.6176,0.5938,0.6173
1,Joint,18,0.498,0.691,0.5909,0.5938,0.5882,0.5846,0.6129
1,Joint,19,0.4879,0.6962,0.5859,0.5833,0.5882,0.5773,0.6122
1,Joint,20,0.4787,0.7054,0.5758,0.5729,0.5784,0.567,0.6095
1,Joint,21,0.4896,0.713,0.5657,0.5729,0.5588,0.5612,0.6099
1,Joint,22,0.451,0.7106,0.601,0.5833,0.6176,0.5864,0.6113
1,Joint,23,0.4688,0.712,0.5808,0.5938,0.5686,0.5787,0.6087
1,Joint,24,0.4725,0.7098,0.5808,0.5833,0.5784,0.5744,0.6058
1,Joint,25,0.4511,0.7196,0.601,0.5833,0.6176,0.5864,0.6054
1,Joint,26,0.4484,0.7319,0.601,0.5938,0.6078,0.5907,0.6106
1,Joint,27,0.4248,0.7289,0.6061,0.6042,0.6078,0.5979,0.6152
1,Joint,28,0.4492,0.7351,0.5909,0.6042,0.5784,0.5888,0.6025
1,Joint,29,0.4335,0.7388,0.596,0.6042,0.5882,0.5918,0.6046
1,Joint,30,0.4257,0.7459,0.601,0.6146,0.5882,0.599,0.6118
2,Warmup,1,0.7112,0.7238,0.5736,0.7188,0.4356,0.6216,0.5966
2,Warmup,2,0.6796,0.7247,0.5838,0.6354,0.5347,0.598,0.62
2,Warmup,3,0.6574,0.7222,0.5787,0.6146,0.5446,0.5871,0.6148
2,Warmup,4,0.6513,0.7288,0.5635,0.5729,0.5545,0.5612,0.6015
2,Warmup,5,0.6279,0.7147,0.5939,0.6042,0.5842,0.5918,0.6031
2,Joint,1,0.6436,0.7083,0.5533,0.5625,0.5446,0.551,0.6049
2,Joint,2,0.6305,0.7055,0.5482,0.5521,0.5446,0.5436,0.6074
2,Joint,3,0.5991,0.6961,0.5533,0.5729,0.5347,0.5556,0.6194
2,Joint,4,0.6023,0.6905,0.5736,0.5833,0.5644,0.5714,0.6216
2,Joint,5,0.6037,0.6836,0.5736,0.5833,0.5644,0.5714,0.6314
2,Joint,6,0.5895,0.6747,0.5584,0.5729,0.5446,0.5584,0.6301
2,Joint,7,0.5817,0.6801,0.5533,0.5521,0.5545,0.5464,0.6258
2,Joint,8,0.5756,0.6762,0.5635,0.5625,0.5644,0.5567,0.623
2,Joint,9,0.5662,0.6783,0.5482,0.5625,0.5347,0.5482,0.6236
2,Joint,10,0.5497,0.6802,0.5838,0.5625,0.604,0.5684,0.6276
2,Joint,11,0.5462,0.682,0.5838,0.5938,0.5743,0.5816,0.6287
2,Joint,12,0.542,0.6771,0.5685,0.6042,0.5347,0.5771,0.6228
2,Joint,13,0.532,0.6801,0.5584,0.5938,0.5248,0.5672,0.61
2,Joint,14,0.5414,0.6772,0.5635,0.6042,0.5248,0.5743,0.6126
2,Joint,15,0.5067,0.6762,0.5482,0.5938,0.505,0.5616,0.6121
2,Joint,16,0.5238,0.6803,0.5482,0.5833,0.5149,0.5572,0.6162
2,Joint,17,0.5104,0.681,0.5533,0.5833,0.5248,0.56,0.6169
2,Joint,18,0.4987,0.6816,0.5482,0.5833,0.5149,0.5572,0.6194
2,Joint,19,0.4767,0.6843,0.5482,0.5833,0.5149,0.5572,0.6199
2,Joint,20,0.482,0.6763,0.5482,0.5625,0.5347,0.5482,0.6239
2,Joint,21,0.475,0.6885,0.5584,0.6042,0.5149,0.5714,0.6196
2,Joint,22,0.4796,0.7008,0.5685,0.6146,0.5248,0.5813,0.6137
2,Joint,23,0.4694,0.7058,0.5685,0.6042,0.5347,0.5771,0.6149
2,Joint,24,0.4519,0.7186,0.5635,0.6042,0.5248,0.5743,0.6064
2,Joint,25,0.4547,0.7154,0.5381,0.5729,0.505,0.5473,0.6108
2,Joint,26,0.4216,0.7181,0.5431,0.5833,0.505,0.5545,0.609
2,Joint,27,0.4289,0.7314,0.533,0.5729,0.495,0.5446,0.6075
2,Joint,28,0.4358,0.7309,0.533,0.5833,0.4851,0.549,0.606
2,Joint,29,0.3989,0.7471,0.5279,0.5417,0.5149,0.5279,0.6014
2,Joint,30,0.4287,0.7556,0.5279,0.5417,0.5149,0.5279,0.605
3,Warmup,1,0.7066,0.6993,0.5685,0.8229,0.3267,0.6502,0.6306
3,Warmup,2,0.6888,0.6805,0.6142,0.75,0.4851,0.6545,0.6666
3,Warmup,3,0.6726,0.6665,0.6396,0.7188,0.5644,0.6603,0.6901
3,Warmup,4,0.6506,0.6581,0.6548,0.7396,0.5743,0.6762,0.6889
3,Warmup,5,0.6338,0.6534,0.6396,0.7292,0.5545,0.6635,0.695
3,Joint,1,0.6441,0.6538,0.6396,0.7292,0.5545,0.6635,0.7014
3,Joint,2,0.6249,0.6565,0.6447,0.75,0.5446,0.6729,0.7059
3,Joint,3,0.6206,0.6567,0.665,0.7604,0.5743,0.6887,0.7088
3,Joint,4,0.6179,0.6551,0.665,0.7604,0.5743,0.6887,0.7048
3,Joint,5,0.603,0.658,0.665,0.7812,0.5545,0.6944,0.6988
3,Joint,6,0.5976,0.6603,0.6447,0.7604,0.5347,0.6759,0.6938
3,Joint,7,0.5835,0.6607,0.665,0.8021,0.5347,0.7,0.7014
3,Joint,8,0.5807,0.667,0.665,0.7708,0.5644,0.6916,0.6975
3,Joint,9,0.5894,0.6776,0.665,0.7708,0.5644,0.6916,0.6973
3,Joint,10,0.5699,0.6829,0.665,0.7708,0.5644,0.6916,0.696
3,Joint,11,0.5507,0.6781,0.6447,0.75,0.5446,0.6729,0.7001
3,Joint,12,0.5489,0.6709,0.6497,0.7604,0.5446,0.6791,0.7
3,Joint,13,0.5306,0.6781,0.6548,0.75,0.5644,0.6792,0.6916
3,Joint,14,0.5376,0.6761,0.6497,0.75,0.5545,0.6761,0.6901
3,Joint,15,0.5245,0.6758,0.6345,0.7292,0.5446,0.6604,0.6952
3,Joint,16,0.5188,0.6806,0.6497,0.7396,0.5644,0.673,0.6963
3,Joint,17,0.5142,0.6862,0.6447,0.7292,0.5644,0.6667,0.6934
3,Joint,18,0.5006,0.6857,0.6497,0.75,0.5545,0.6761,0.6938
3,Joint,19,0.4989,0.6897,0.6396,0.7292,0.5545,0.6635,0.6877
3,Joint,20,0.4958,0.6898,0.6396,0.7396,0.5446,0.6667,0.6855
3,Joint,21,0.4907,0.6999,0.6244,0.6979,0.5545,0.6442,0.6751
3,Joint,22,0.4673,0.7148,0.6244,0.7083,0.5446,0.6476,0.678
3,Joint,23,0.4732,0.7224,0.6447,0.7396,0.5545,0.6698,0.6771
3,Joint,24,0.4447,0.7367,0.6244,0.7188,0.5347,0.6509,0.6715
3,Joint,25,0.4656,0.7435,0.6294,0.7083,0.5545,0.6507,0.671
3,Joint,26,0.4418,0.7474,0.6193,0.6979,0.5446,0.6411,0.6709
3,Joint,27,0.4235,0.7661,0.5888,0.6771,0.505,0.6161,0.6583
3,Joint,28,0.4228,0.7762,0.5888,0.6667,0.5149,0.6124,0.6574
3,Joint,29,0.4057,0.7715,0.6142,0.6875,0.5446,0.6346,0.6633
3,Joint,30,0.4415,0.7743,0.5787,0.6562,0.505,0.6029,0.6596
4,Warmup,1,0.721,0.7085,0.5635,0.4583,0.6634,0.5057,0.584
4,Warmup,2,0.6758,0.6984,0.5584,0.5312,0.5842,0.5397,0.6115
4,Warmup,3,0.6489,0.6949,0.5584,0.5417,0.5743,0.5445,0.6113
4,Warmup,4,0.6563,0.6985,0.5533,0.5417,0.5644,0.5417,0.6118
4,Warmup,5,0.6343,0.7006,0.5736,0.5833,0.5644,0.5714,0.6115
4,Joint,1,0.6233,0.6902,0.5685,0.6042,0.5347,0.5771,0.618
4,Joint,2,0.6188,0.6827,0.5584,0.6146,0.505,0.5756,0.6252
4,Joint,3,0.6043,0.6833,0.5482,0.5833,0.5149,0.5572,0.6195
4,Joint,4,0.6119,0.6802,0.5533,0.6042,0.505,0.5686,0.6212
4,Joint,5,0.5919,0.6803,0.5635,0.5938,0.5347,0.57,0.6243
4,Joint,6,0.5851,0.6783,0.5787,0.625,0.5347,0.5911,0.628
4,Joint,7,0.5829,0.6775,0.5685,0.625,0.5149,0.5854,0.6264
4,Joint,8,0.565,0.674,0.5888,0.6458,0.5347,0.6049,0.6348
4,Joint,9,0.5549,0.6674,0.5736,0.6458,0.505,0.5962,0.6379
4,Joint,10,0.5528,0.67,0.5787,0.6667,0.495,0.6066,0.6383
4,Joint,11,0.5585,0.673,0.5787,0.6458,0.5149,0.599,0.6371
4,Joint,12,0.5459,0.6702,0.5787,0.6562,0.505,0.6029,0.6357
4,Joint,13,0.5278,0.6676,0.5787,0.6354,0.5248,0.5951,0.6352
4,Joint,14,0.5218,0.6698,0.599,0.6458,0.5545,0.6108,0.6363
4,Joint,15,0.52,0.671,0.5888,0.6354,0.5446,0.601,0.633
4,Joint,16,0.5094,0.6735,0.5888,0.6354,0.5446,0.601,0.6327
4,Joint,17,0.4997,0.6718,0.599,0.625,0.5743,0.603,0.6285
4,Joint,18,0.4868,0.6664,0.5939,0.6354,0.5545,0.604,0.6282
4,Joint,19,0.4911,0.6729,0.5736,0.6042,0.5446,0.58,0.631
4,Joint,20,0.4653,0.6715,0.5888,0.625,0.5545,0.597,0.6272
4,Joint,21,0.4668,0.6708,0.5685,0.6146,0.5248,0.5813,0.6245
4,Joint,22,0.4578,0.6768,0.5736,0.5938,0.5545,0.5758,0.6249
4,Joint,23,0.4736,0.6834,0.5685,0.5938,0.5446,0.5729,0.6307
4,Joint,24,0.4568,0.681,0.5787,0.6146,0.5446,0.5871,0.6271
4,Joint,25,0.4608,0.6841,0.5888,0.6146,0.5644,0.593,0.6218
4,Joint,26,0.4461,0.6823,0.5635,0.625,0.505,0.5825,0.6213
4,Joint,27,0.4592,0.6734,0.5635,0.6146,0.5149,0.5784,0.6192
4,Joint,28,0.4291,0.6801,0.5685,0.6042,0.5347,0.5771,0.6274
4,Joint,29,0.4275,0.6755,0.5736,0.6458,0.505,0.5962,0.623
4,Joint,30,0.4095,0.6821,0.5685,0.625,0.5149,0.5854,0.6188
5,Warmup,1,0.7154,0.7149,0.5178,0.7053,0.3431,0.5852,0.5
5,Warmup,2,0.6729,0.7137,0.5228,0.6211,0.4314,0.5566,0.5323
5,Warmup,3,0.6455,0.7165,0.5381,0.5789,0.5,0.5473,0.5422
5,Warmup,4,0.6331,0.7177,0.5482,0.5789,0.5196,0.5528,0.5496
5,Warmup,5,0.6307,0.7122,0.5533,0.5789,0.5294,0.5556,0.5671
5,Joint,1,0.6214,0.7093,0.5939,0.6211,0.5686,0.596,0.5754
5,Joint,2,0.6176,0.713,0.5888,0.6316,0.549,0.597,0.5756
5,Joint,3,0.5979,0.7171,0.5787,0.6,0.5588,0.5787,0.5697
5,Joint,4,0.5969,0.7152,0.5787,0.6105,0.549,0.5829,0.5723
5,Joint,5,0.5779,0.7186,0.5787,0.6211,0.5392,0.5871,0.569
5,Joint,6,0.586,0.7174,0.5838,0.6211,0.549,0.59,0.5766
5,Joint,7,0.5719,0.7212,0.5787,0.6211,0.5392,0.5871,0.5761
5,Joint,8,0.569,0.7275,0.5685,0.6105,0.5294,0.5771,0.5748
5,Joint,9,0.5594,0.7341,0.5838,0.6211,0.549,0.59,0.5734
5,Joint,10,0.5382,0.738,0.5736,0.6211,0.5294,0.5842,0.5805
5,Joint,11,0.5573,0.7456,0.5736,0.6211,0.5294,0.5842,0.578
5,Joint,12,0.5394,0.7527,0.5787,0.6316,0.5294,0.5911,0.5748
5,Joint,13,0.521,0.7557,0.5736,0.6105,0.5392,0.58,0.5774
5,Joint,14,0.515,0.7705,0.5685,0.5895,0.549,0.5685,0.5755
5,Joint,15,0.5061,0.776,0.5635,0.6,0.5294,0.57,0.5727
5,Joint,16,0.4908,0.7749,0.5685,0.5895,0.549,0.5685,0.5768
5,Joint,17,0.4913,0.7825,0.5736,0.6,0.549,0.5758,0.5717
5,Joint,18,0.4837,0.7915,0.5685,0.5895,0.549,0.5685,0.5682
5,Joint,19,0.4851,0.7943,0.5787,0.6,0.5588,0.5787,0.574
5,Joint,20,0.4857,0.7988,0.5787,0.6105,0.549,0.5829,0.573
5,Joint,21,0.4532,0.806,0.5736,0.6,0.549,0.5758,0.5734
5,Joint,22,0.4447,0.8149,0.5838,0.6211,0.549,0.59,0.5711
5,Joint,23,0.4346,0.8361,0.5838,0.6105,0.5588,0.5859,0.5712
5,Joint,24,0.4547,0.8569,0.5736,0.5789,0.5686,0.567,0.5654
5,Joint,25,0.423,0.8624,0.5888,0.6,0.5784,0.5846,0.5688
5,Joint,26,0.4494,0.8637,0.6091,0.6421,0.5784,0.6131,0.5721
5,Joint,27,0.4378,0.865,0.599,0.6211,0.5784,0.599,0.5712
5,Joint,28,0.4074,0.8709,0.6041,0.6211,0.5882,0.602,0.5734
5,Joint,29,0.4224,0.8747,0.5939,0.5895,0.598,0.5833,0.5752
5,Joint,30,0.3957,0.879,0.5939,0.5895,0.598,0.5833,0.5746
